{
  "porosity": 0.0031205436129732953,
  "total_pore_volume_um3": 70010.95622886237,
  "design_volume_um3": 22435500.0,
  "max_depth_um": 0.74785,
  "effective_depth_um": 0.006549999999999999,
  "tortuosity_estimate": 1.0898935689928404,
  "permeability_um2": 2.208766940213435e-13,
  "permeability_m2": 2.2087669402134352e-25,
  "permeability_mD": 2.2380858650455319e-10,
  "permeability_nD": 0.00022380858650455316,
  "pixel_size_nm": 100,
  "design_width_um": 10000,
  "design_height_um": 3000
}