{
  "porosity": 0.013633014651687507,
  "total_pore_volume_um3": 12269.713186518757,
  "design_volume_um3": 900000.0,
  "max_depth_um": 0.3,
  "effective_depth_um": 0.3,
  "tortuosity_estimate": 1.1417276446289906,
  "permeability_um2": 3.596218913909378e-08,
  "permeability_m2": 3.596218913909378e-20,
  "permeability_mD": 3.6439547207512194e-05,
  "permeability_nD": 36.43954720751219,
  "pixel_size_nm": 10,
  "design_width_um": 3000,
  "design_height_um": 1000
}